DROP DATABASE IF EXISTS hw1;

CREATE DATABASE hw1;

USE hw1;

CREATE TABLE users (
  id int NOT NULL AUTO_INCREMENT,
  username varchar(32) NOT NULL UNIQUE,
  password char(32) NOT NULL,
  token varchar(36) NOT NULL,
  PRIMARY KEY (id)
);

CREATE TABLE shoot_sets (
  id int NOT NULL AUTO_INCREMENT,
  title varchar(255) NOT NULL,
  cover_filename varchar(255) NOT NULL,
  location varchar(255) NOT NULL,
  shoot_date date NOT NULL,
  subject varchar(255) NOT NULL,
  description text NOT NULL,
  PRIMARY KEY (id)
);

CREATE TABLE photos (
  id int NOT NULL AUTO_INCREMENT,
  filename varchar(255) NOT NULL UNIQUE,
  set_id int NOT NULL,
  alt_text varchar(255) NOT NULL,
  PRIMARY KEY (id),
  FOREIGN KEY (set_id) REFERENCES shoot_sets (id)
);

CREATE TABLE photo_comments (
  user_id int NOT NULL,
  photo_id int NOT NULL,
  comment_text text NOT NULL,
  comment_date date NOT NULL,
  PRIMARY KEY (user_id, photo_id),
  FOREIGN KEY (user_id) REFERENCES users (id),
  FOREIGN KEY (photo_id) REFERENCES photos (id)
);

CREATE TABLE photo_ratings (
  user_id int NOT NULL,
  photo_id int NOT NULL,
  rating int NOT NULL,
  PRIMARY KEY (user_id, photo_id),
  FOREIGN KEY (user_id) REFERENCES users (id),
  FOREIGN KEY (photo_id) REFERENCES photos (id),
  CHECK (rating <= 5),
  CHECK (rating >= 0)
);

CREATE TABLE photo_favorites (
  user_id int NOT NULL,
  photo_id int NOT NULL,
  PRIMARY KEY (user_id, photo_id),
  FOREIGN KEY (user_id) REFERENCES users (id),
  FOREIGN KEY (photo_id) REFERENCES photos (id)
);


-- 2e6380b6537c5fce2bb321b48bf0785d => capybara
INSERT INTO `users` VALUES 
(1,'lmancini','2e6380b6537c5fce2bb321b48bf0785d', UUID()),
(2,'shaira78','2e6380b6537c5fce2bb321b48bf0785d', UUID()),
(3,'rebecca.marini','2e6380b6537c5fce2bb321b48bf0785d', UUID()),
(4,'lordcapybara','2e6380b6537c5fce2bb321b48bf0785d', UUID());

INSERT INTO `shoot_sets` VALUES 
(1,'Facere quidem magnam velit.','cover1.jpeg','Incrocio De luca','2001-07-17','Dott. Danny Sorrentino','Illum ut veniam ratione laborum excepturi exercitationem corporis quod fugiat quis quaerat modi.'),
(2,'Cumque cum quia iste.','cover1.jpeg','Strada Conte','1996-06-26','Ing. Rita Amato','Doloremque magnam eos quae ut quia optio quas et rerum ex qui voluptatem quis.'),
(3,'Nesciunt veritatis dolores nam.','cover1.jpeg','Rotonda Concetta','1999-08-17','Santo Valentini','Aut doloribus temporibus et est aut quia error nisi occaecati deserunt.'),
(4,'Et voluptatem autem voluptas.','cover1.jpeg','Incrocio Amerigo','2007-04-19','Anselmo D\'angelo','Placeat ab enim cupiditate dolores magnam labore facilis cumque aut dolorem unde qui et nulla inventore qui non.'),
(5,'Minima est et.','cover1.jpeg','Piazza Pagano','2022-01-21','Gianmarco Esposito','Dolor ut illum numquam corrupti nobis quam id qui enim adipisci veritatis eum maiores sint amet et ad nemo in rerum iste.'),
(6,'La meraviglia dei Capybara','cover_capybara.jpg','Tutto il mondo','2023-05-29','CapybaraHandler','Capybaras are the world largest rodents and are known for being friendly and social. They are sometimes kept as pets and can even be used as therapy animals. Capybaras are excellent swimmers and can hold their breath underwater for up to five minutes.');

INSERT INTO `photos` VALUES
(1, 'image1.jpg', 1, 'Alt_Text'),
(2, 'image2.jpg', 2, 'Alt_Text'),
(3, 'image3.jpg', 3, 'Alt_Text'),
(4, 'image4.jpg', 4, 'Alt_Text'),
(5, 'image5.jpg', 5, 'Alt_Text'),
(6, 'image6.jpg', 1, 'Alt_Text'),
(7, 'image7.jpg', 2, 'Alt_Text'),
(8, 'image8.jpg', 3, 'Alt_Text'),
(9, 'image9.jpg', 4, 'Alt_Text'),
(10, 'image10.jpg', 5, 'Alt_Text'),
(11, 'image11.jpg', 1, 'Alt_Text'),
(12, 'image12.jpg', 2, 'Alt_Text'),
(13, 'image13.jpg', 3, 'Alt_Text'),
(14, 'image14.jpg', 4, 'Alt_Text'),
(15, 'image15.jpg', 5, 'Alt_Text'),
(16, 'image16.jpg', 1, 'Alt_Text'),
(17, 'image17.jpg', 2, 'Alt_Text'),
(18, 'image18.jpg', 3, 'Alt_Text'),
(19, 'image19.jpg', 4, 'Alt_Text'),
(20, 'image20.jpg', 5, 'Alt_Text'),
(21, 'image21.jpg', 1, 'Alt_Text'),
(22, 'image22.jpg', 2, 'Alt_Text'),
(23, 'image23.jpg', 3, 'Alt_Text'),
(24, 'image24.jpg', 4, 'Alt_Text'),
(25, 'image25.jpg', 5, 'Alt_Text'),
(26, 'image26.jpg', 1, 'Alt_Text'),
(27, 'image27.jpg', 2, 'Alt_Text'),
(28, 'image28.jpg', 3, 'Alt_Text'),
(29, 'image29.jpg', 4, 'Alt_Text'),
(30, 'image30.jpg', 5, 'Alt_Text'),
(31, 'image31.jpg', 1, 'Alt_Text'),
(32, 'image32.jpg', 2, 'Alt_Text'),
(33, 'image33.jpg', 3, 'Alt_Text'),
(34, 'image34.jpg', 4, 'Alt_Text'),
(35, 'image35.jpg', 5, 'Alt_Text'),
(36, 'image36.jpg', 1, 'Alt_Text'),
(37, 'image37.jpg', 2, 'Alt_Text'),
(38, 'image38.jpg', 3, 'Alt_Text'),
(39, 'image39.jpg', 4, 'Alt_Text'),
(40, 'image40.jpg', 5, 'Alt_Text'),
(41, 'image41.jpg', 1, 'Alt_Text'),
(42, 'image42.jpg', 2, 'Alt_Text'),
(43, 'image43.jpg', 3, 'Alt_Text'),
(44, 'image44.jpg', 4, 'Alt_Text'),
(45, 'image45.jpg', 5, 'Alt_Text'),
(46, 'image46.jpg', 1, 'Alt_Text'),
(47, 'image47.jpg', 2, 'Alt_Text'),
(48, 'image48.jpg', 3, 'Alt_Text'),
(49, 'image49.jpg', 4, 'Alt_Text'),
(50, 'image50.jpg', 5, 'Alt_Text'),
(51, 'image51.jpg', 1, 'Alt_Text'),
(52, 'image52.jpg', 2, 'Alt_Text'),
(53, 'image53.jpg', 3, 'Alt_Text'),
(54, 'image54.jpg', 4, 'Alt_Text'),
(55, 'image55.jpg', 5, 'Alt_Text'),
(56, 'image56.jpg', 1, 'Alt_Text'),
(57, 'image57.jpg', 2, 'Alt_Text'),
(58, 'image58.jpg', 3, 'Alt_Text'),
(59, 'image59.jpg', 4, 'Alt_Text'),
(60, 'image60.jpg', 5, 'Alt_Text'),
(61, 'image61.jpg', 1, 'Alt_Text'),
(62, 'image62.jpg', 2, 'Alt_Text'),
(63, 'image63.jpg', 3, 'Alt_Text'),
(64, 'image64.jpg', 4, 'Alt_Text'),
(65, 'image65.jpg', 5, 'Alt_Text'),
(66, 'image66.jpg', 1, 'Alt_Text'),
(67, 'image67.jpg', 2, 'Alt_Text'),
(68, 'image68.jpg', 3, 'Alt_Text'),
(69, 'image69.jpg', 4, 'Alt_Text'),
(70, 'image70.jpg', 5, 'Alt_Text'),
(71, 'image71.jpg', 1, 'Alt_Text'),
(72, 'image72.jpg', 2, 'Alt_Text'),
(73, 'image73.jpg', 3, 'Alt_Text'),
(74, 'image74.jpg', 4, 'Alt_Text'),
(75, 'image75.jpg', 5, 'Alt_Text'),
(76, 'image76.jpg', 1, 'Alt_Text'),
(77, 'image77.jpg', 2, 'Alt_Text'),
(78, 'image78.jpg', 3, 'Alt_Text'),
(79, 'image79.jpg', 4, 'Alt_Text'),
(80, 'image80.jpg', 5, 'Alt_Text'),
(81, 'image81.jpg', 1, 'Alt_Text'),
(82, 'image82.jpg', 2, 'Alt_Text'),
(83, 'image83.jpg', 3, 'Alt_Text'),
(84, 'image84.jpg', 4, 'Alt_Text'),
(85, 'image85.jpg', 5, 'Alt_Text'),
(86, 'image86.jpg', 1, 'Alt_Text'),
(87, 'image87.jpg', 2, 'Alt_Text'),
(88, 'image88.jpg', 3, 'Alt_Text'),
(89, 'image89.jpg', 4, 'Alt_Text'),
(90, 'image90.jpg', 5, 'Alt_Text'),
(91, 'image91.jpg', 1, 'Alt_Text'),
(92, 'image92.jpg', 2, 'Alt_Text'),
(93, 'image93.jpg', 3, 'Alt_Text'),
(94, 'image94.jpg', 4, 'Alt_Text'),
(95, 'image95.jpg', 5, 'Alt_Text'),
(96, 'image96.jpg', 1, 'Alt_Text'),
(97, 'image97.jpg', 2, 'Alt_Text'),
(98, 'image98.jpg', 3, 'Alt_Text'),
(99, 'image99.jpg', 4, 'Alt_Text'),
(100, 'image100.jpg', 3, 'Alt_Text'),
(101, 'image105.jpg', 6, 'Alt_Text'),
(102, 'image107.jpg', 6, 'Alt_Text'),
(103, 'image108.jpg', 6, 'Alt_Text'),
(104, 'image109.jpg', 6, 'Alt_Text'),
(105, 'image110.jpg', 6, 'Alt_Text'),
(106, 'image111.jpg', 6, 'Alt_Text'),
(107, 'image112.jpg', 6, 'Alt_Text'),
(108, 'image113.jpg', 6, 'Alt_Text'),
(109, 'image114.jpg', 6, 'Alt_Text'),
(110, 'image116.jpg', 6, 'Alt_Text'),
(111, 'image117.jpg', 6, 'Alt_Text'),
(112, 'image118.jpg', 6, 'Alt_Text'),
(113, 'image119.jpg', 6, 'Alt_Text'),
(114, 'image120.jpg', 6, 'Alt_Text'),
(115, 'image121.jpg', 6, 'Alt_Text'),
(116, 'image122.jpg', 6, 'Alt_Text'),
(117, 'image123.jpg', 6, 'Alt_Text'),
(118, 'image124.jpg', 6, 'Alt_Text'),
(119, 'image125.jpg', 6, 'Alt_Text'),
(120, 'image126.jpg', 6, 'Alt_Text'),
(121, 'image127.jpg', 6, 'Alt_Text'),
(122, 'image128.jpg', 6, 'Alt_Text'),
(123, 'image129.jpg', 6, 'Alt_Text'),
(124, 'image131.jpg', 6, 'Alt_Text'),
(125, 'image132.jpg', 6, 'Alt_Text'),
(126, 'image133.jpg', 6, 'Alt_Text'),
(127, 'image134.jpg', 6, 'Alt_Text'),
(128, 'image135.jpg', 6, 'Alt_Text');

INSERT INTO `photo_ratings` VALUES
(1,1,1),
(1,3,1),
(1,4,1),
(1,6,5),
(1,7,2),
(1,9,4),
(1,10,2),
(1,12,4),
(1,13,3),
(1,15,1),
(1,16,3),
(1,18,1),
(1,19,3),
(1,21,1),
(1,22,4),
(1,24,5),
(1,25,1),
(1,27,3),
(1,28,1),
(1,30,4),
(1,31,3),
(1,33,5),
(1,34,1),
(1,36,1),
(1,37,5),
(1,39,4),
(1,40,3),
(1,42,3),
(1,43,1),
(1,45,4),
(1,46,4),
(1,48,3),
(1,49,5),
(1,51,2),
(1,52,4),
(1,54,3),
(1,55,2),
(1,57,2),
(1,58,3),
(1,60,5),
(1,61,4),
(1,63,1),
(1,64,1),
(1,66,4),
(1,67,3),
(1,69,5),
(1,70,2),
(1,72,4),
(1,73,4),
(1,75,4),
(1,76,3),
(1,78,4),
(1,79,2),
(1,81,2),
(1,82,3),
(1,84,3),
(1,85,2),
(1,87,1),
(1,88,2),
(1,90,5),
(1,91,4),
(1,93,2),
(1,94,4),
(1,96,2),
(1,97,4),
(1,99,1),
(1,100,4),
(2,1,1),
(2,2,1),
(2,4,1),
(2,5,2),
(2,7,2),
(2,8,1),
(2,10,1),
(2,11,2),
(2,13,3),
(2,14,3),
(2,16,5),
(2,17,5),
(2,19,4),
(2,20,1),
(2,22,1),
(2,23,1),
(2,25,4),
(2,26,1),
(2,28,1),
(2,29,1),
(2,31,4),
(2,32,3),
(2,34,3),
(2,35,2),
(2,37,1),
(2,38,5),
(2,40,2),
(2,41,3),
(2,43,2),
(2,44,4),
(2,46,2),
(2,47,5),
(2,49,1),
(2,50,1),
(2,52,3),
(2,53,3),
(2,55,1),
(2,56,4),
(2,58,1),
(2,59,1),
(2,61,3),
(2,62,3),
(2,64,1),
(2,65,3),
(2,67,5),
(2,68,3),
(2,70,1),
(2,71,5),
(2,73,5),
(2,74,1),
(2,76,3),
(2,77,4),
(2,79,1),
(2,80,3),
(2,82,4),
(2,83,5),
(2,85,2),
(2,86,3),
(2,88,1),
(2,89,5),
(2,91,1),
(2,92,3),
(2,94,5),
(2,95,3),
(2,97,1),
(2,98,2),
(2,100,4),
(3,2,4),
(3,3,5),
(3,5,2),
(3,6,3),
(3,8,3),
(3,9,1),
(3,11,2),
(3,12,3),
(3,14,2),
(3,15,2),
(3,17,3),
(3,18,5),
(3,20,3),
(3,21,5),
(3,23,2),
(3,24,1),
(3,26,5),
(3,27,4),
(3,29,1),
(3,30,1),
(3,32,3),
(3,33,1),
(3,35,5),
(3,36,2),
(3,38,5),
(3,39,5),
(3,41,1),
(3,42,5),
(3,44,1),
(3,45,5),
(3,47,3),
(3,48,3),
(3,50,2),
(3,51,2),
(3,53,2),
(3,54,2),
(3,56,3),
(3,57,4),
(3,59,4),
(3,60,5),
(3,62,5),
(3,63,4),
(3,65,5),
(3,66,2),
(3,68,1),
(3,69,5),
(3,71,2),
(3,72,1),
(3,74,3),
(3,75,3),
(3,77,5),
(3,78,3),
(3,80,5),
(3,81,5),
(3,83,5),
(3,84,4),
(3,86,5),
(3,87,1),
(3,89,4),
(3,90,2),
(3,92,1),
(3,93,5),
(3,95,1),
(3,96,5),
(3,98,5),
(3,99,5);

INSERT INTO `photo_comments` VALUES 
(1,1,'Sequi pariatur ut vero ea ea sit fugiat accusamus eligendi exercitationem vel magni in.','1989-12-13'),
(1,3,'Reprehenderit hic vel maiores fugiat impedit explicabo atque iusto natus ipsa.','2001-09-27'),
(1,4,'Aut qui occaecati harum aspernatur sapiente eum cupiditate omnis optio reiciendis ut ipsum reiciendis.','1975-02-24'),
(1,6,'Dolorem voluptas in quo quisquam sit voluptates sint quisquam reiciendis.','1999-08-08'),
(1,7,'Et temporibus repellendus ipsam sed commodi in sint ut voluptas porro.','1994-07-21'),
(1,9,'Et quia aliquid ut reiciendis quod maxime.','2004-11-08'),
(1,10,'Praesentium minima asperiores perferendis harum magni corrupti enim ut incidunt quia quod aliquid.','1994-04-15'),
(1,12,'Libero cupiditate beatae porro consequuntur ducimus non provident molestiae voluptatibus est libero et quidem.','2016-10-03'),
(1,13,'Atque autem qui non voluptate vero in provident expedita porro omnis quos fuga excepturi.','1977-03-04'),
(1,15,'Minus nostrum dolorem velit omnis consectetur consequuntur dolores corporis ea voluptatibus velit dolores quae.','2018-03-05'),
(1,16,'Cupiditate modi itaque minima soluta delectus harum nemo atque recusandae.','1978-12-17'),
(1,18,'Et et rerum repellat laudantium velit est doloremque possimus provident amet dolor.','2014-11-23'),
(1,19,'Amet molestias vero enim dolores aliquid voluptatem autem aut excepturi et consequatur accusantium.','1992-04-06'),
(1,21,'Qui cum possimus provident eum corporis eveniet nihil officia fugiat et.','2020-05-12'),
(1,22,'Cum in dicta ut libero nisi odit facilis ab nihil officia et ad.','1973-03-15'),
(1,24,'Non dolores optio doloribus unde quia ipsum aut voluptate molestiae id molestias iusto praesentium culpa.','2020-12-25'),
(1,25,'Quam laborum placeat ut dolor ipsa praesentium repellendus aliquam esse.','2023-05-09'),
(1,27,'Qui aut vel ut asperiores eum et molestiae id soluta et ut nisi nulla.','2016-08-30'),
(1,28,'Pariatur animi aliquid explicabo et optio in sed ut laborum optio eligendi et.','2004-02-14'),
(1,30,'Ipsam sit ipsa nihil alias rerum quo sint.','2014-08-01'),
(1,31,'Dignissimos qui commodi nulla voluptas ad soluta consequatur quidem illo adipisci possimus.','1982-03-05'),
(1,33,'Quis quo dolor eum numquam harum ipsum architecto voluptas.','1977-03-02'),
(1,34,'Dicta omnis ut nihil deleniti accusantium est voluptas et.','2008-03-09'),
(1,36,'Odit fugiat eum et sapiente est sit voluptatum ipsum ex repudiandae.','1996-09-03'),
(1,37,'Dolor officiis eligendi blanditiis molestias blanditiis velit qui voluptatum voluptatem aut officia autem dolorem.','2012-07-20'),
(1,39,'Est ut nesciunt quam quia aperiam velit optio modi nam qui.','2013-06-02'),
(1,40,'Mollitia rerum omnis deleniti dicta enim totam sed et eligendi quia asperiores omnis.','2014-10-14'),
(1,42,'Praesentium iste dolor eius facere cumque molestias sed rerum rerum quia qui.','1996-09-18'),
(1,43,'Asperiores et minus fuga necessitatibus eum et laborum sed tempora et.','1995-10-16'),
(1,45,'Vero eos sint sapiente voluptates repellendus qui sit sint.','1970-09-24'),
(1,46,'Totam consequuntur possimus sapiente et blanditiis rerum.','2005-10-18'),
(1,48,'Cupiditate et adipisci at officia est commodi expedita qui.','2013-05-10'),
(1,49,'Rerum iste eligendi quas consequuntur sit consequatur est non officia eveniet quas ut.','1985-12-23'),
(1,52,'Dolorem exercitationem et voluptas excepturi non est est distinctio.','2021-11-29'),
(1,55,'Aut sit numquam enim non error saepe laborum ut.','1974-01-06'),
(1,58,'Architecto est aliquid et et saepe aut aliquid natus nobis aut incidunt quasi.','2009-09-13'),
(1,61,'Aut ut est quibusdam nostrum adipisci commodi voluptatibus tenetur laudantium.','2020-11-11'),
(1,64,'Voluptatibus cum vero et quia explicabo itaque vero recusandae nostrum quod illum quidem.','2009-10-23'),
(1,67,'Inventore vel ea maxime vel et eius doloremque velit facere.','1983-09-07'),
(1,70,'Numquam earum et est eaque dolorem laborum necessitatibus.','2011-10-02'),
(1,73,'Quo reprehenderit ut porro ipsum eum est.','1975-03-23'),
(1,76,'Fugit perspiciatis sint at expedita occaecati in facere itaque culpa dolorum esse.','1985-09-16'),
(1,79,'Fugit voluptatem quasi exercitationem ea odio architecto.','2021-03-16'),
(1,82,'Est dolore sunt nobis voluptatem similique vitae.','1972-05-14'),
(1,85,'Quia enim alias asperiores qui et minus qui enim deleniti nam alias eligendi perspiciatis.','1991-03-28'),
(1,88,'Incidunt est itaque quasi quia reiciendis corporis nesciunt eum voluptate et.','2013-01-11'),
(1,91,'Sint quod sit molestiae cupiditate eius pariatur consequatur totam quia voluptate assumenda ipsum ut iure.','1971-06-25'),
(1,94,'Hic et voluptatem nihil exercitationem nam ipsum molestiae occaecati aliquid quisquam.','2005-07-09'),
(1,97,'Eum voluptas est quod sit vitae numquam aut aut esse blanditiis facilis.','2011-05-09'),
(1,100,'Nihil possimus molestiae beatae itaque vitae tenetur nulla.','1980-02-09'),
(2,1,'Neque omnis autem eos facilis et excepturi id.','2021-06-20'),
(2,2,'Voluptates ex laborum quia qui sed voluptates architecto et reiciendis et saepe accusantium.','2011-10-24'),
(2,4,'Ut omnis perspiciatis aut ut distinctio et error consequatur temporibus a exercitationem explicabo.','1974-12-19'),
(2,5,'Iusto sequi sunt dolorum atque sapiente qui sunt laudantium tempora asperiores.','2019-01-17'),
(2,7,'Similique sint eos eos omnis nihil iure.','2006-05-22'),
(2,8,'Dicta qui recusandae blanditiis repudiandae vel id nobis nam impedit recusandae.','1984-11-01'),
(2,10,'Animi ea cum cupiditate libero vel beatae nemo sint ea architecto voluptas.','1976-01-02'),
(2,11,'Optio temporibus at id ullam aliquam non sequi corporis enim error nihil dolorem.','2004-04-05'),
(2,13,'Sunt pariatur enim sit aut dolorem sapiente eum tempora id quidem libero.','1971-05-19'),
(2,14,'Facilis voluptatibus cum et delectus reprehenderit dolorem est nam ea error eius.','1980-10-06'),
(2,16,'Autem nesciunt totam exercitationem repellendus et deserunt quo voluptatibus voluptatum laboriosam ipsam omnis.','2019-04-20'),
(2,17,'Voluptas unde dolores distinctio voluptas totam nihil a quo rerum laudantium recusandae ratione.','2006-10-03'),
(2,19,'Quis animi voluptas optio non temporibus sunt facere voluptatem.','1986-12-01'),
(2,20,'Placeat et eum doloremque harum ut quasi minima quos.','1988-06-23'),
(2,22,'Vel esse a aliquam repellat in non asperiores hic vitae quia numquam ut.','2002-03-25'),
(2,23,'Qui consectetur placeat numquam provident similique adipisci quae.','2001-02-01'),
(2,25,'Illo tempora quaerat sed aperiam delectus ab tenetur qui explicabo nesciunt placeat repudiandae id.','1996-10-15'),
(2,26,'Repellendus dolor nemo perferendis autem perferendis modi nihil tenetur dicta minima.','1978-09-26'),
(2,28,'Beatae earum est voluptatum quia et quidem dignissimos fuga.','1976-11-16'),
(2,29,'Autem voluptatem ipsam molestias nihil at qui et odio vero saepe quia sapiente.','2006-06-23'),
(2,31,'Dolorum distinctio unde eos explicabo fugiat harum velit qui nostrum numquam a numquam perspiciatis eligendi.','2020-06-14'),
(2,32,'Praesentium necessitatibus fugiat ad debitis impedit unde esse voluptatem nihil.','1999-07-12'),
(2,34,'Magnam et totam corporis voluptatem fugit veniam provident itaque voluptatum sapiente dolor distinctio.','1974-02-16'),
(2,35,'Omnis numquam dolorem perferendis rerum impedit quae.','1977-11-13'),
(2,37,'Doloremque explicabo et magni voluptate eos amet pariatur ullam.','1985-01-22'),
(2,38,'Molestiae quibusdam aut architecto qui ut sunt rerum iusto veritatis mollitia minima modi.','2008-05-10'),
(2,40,'Odit id porro nisi eligendi ut doloribus voluptas voluptatem veritatis quo quia adipisci totam.','2009-10-14'),
(2,41,'Hic ut mollitia adipisci ullam molestias dolor libero sed consectetur doloribus numquam.','1999-06-24'),
(2,43,'Tempore quis tempore commodi beatae possimus quidem qui corporis libero non repellat vel.','1986-01-13'),
(2,44,'Quod distinctio vel sed iste incidunt iusto ut.','2014-04-29'),
(2,46,'Ut tempore necessitatibus nihil adipisci nostrum quasi consequatur id cum a.','1974-05-03'),
(2,47,'Nobis ut reiciendis accusantium quisquam nisi saepe qui.','1970-04-16'),
(2,49,'Consequatur quod numquam ipsam rerum officia itaque nihil omnis velit et quo.','2016-06-13'),
(2,50,'Libero odio et ipsa necessitatibus sit aut iusto reprehenderit autem consequatur.','1993-12-29'),
(2,53,'Ut eum non quaerat neque nisi sunt ut nam vel et nisi consequatur quia quo.','1985-07-06'),
(2,56,'Nam alias delectus magnam velit odio harum ut repudiandae expedita consequatur amet consequatur.','2000-07-29'),
(2,59,'Quia dicta voluptates quia omnis ipsam animi eligendi dolore dolor nihil.','1995-03-09'),
(2,62,'Aliquid dolor itaque cumque cupiditate aperiam asperiores adipisci ut fuga qui.','2000-07-11'),
(2,65,'Molestias voluptatibus sint in voluptates ratione vitae molestiae perferendis dolorem voluptatem magni magnam tempora.','2010-01-17'),
(2,68,'Nesciunt error quos consequatur nostrum corporis in minus sed repellendus ab hic numquam.','1987-11-15'),
(2,71,'Dolorem perspiciatis velit rerum dolores et delectus quia sunt consequatur est veniam maxime sed.','2014-05-14'),
(2,74,'Maxime earum alias deleniti dolor qui qui aut corporis et aut.','1998-07-27'),
(2,77,'Ratione doloremque et rerum animi assumenda odio velit.','2021-03-22'),
(2,80,'Magnam voluptate dignissimos cumque voluptatibus aut libero sed eveniet impedit voluptatibus sed temporibus.','2010-01-22'),
(2,83,'Fuga corporis earum sunt nam architecto vitae minima rerum rem facilis animi iure totam.','1976-12-26'),
(2,86,'Voluptatem quo tempore ab aut commodi sint sed sint.','2004-02-14'),
(2,89,'Maiores totam itaque cupiditate quia maiores qui.','1983-01-31'),
(2,92,'Non explicabo temporibus alias numquam consequatur ratione ab minima tempora ipsa.','2013-03-28'),
(2,95,'Quis deleniti et est officia tenetur culpa recusandae ut sit non.','2017-06-14'),
(2,98,'Fuga deserunt et fugiat provident et perferendis sit tempora.','1995-12-25'),
(3,2,'Magnam et unde error quod molestias earum dicta reprehenderit minus molestias dolor.','2022-02-12'),
(3,3,'Voluptate qui et eos et laborum eos incidunt est quia.','1989-09-14'),
(3,5,'Consequuntur qui eum omnis minus consequatur deserunt.','1978-12-09'),
(3,6,'Saepe dolor magni qui aperiam ut natus necessitatibus ab enim.','1974-09-30'),
(3,8,'Nemo qui quasi dicta consectetur fuga autem quos dolorem similique eaque delectus ipsam voluptates.','1980-09-07'),
(3,9,'Et harum incidunt fuga eum nostrum tenetur recusandae eligendi est et possimus.','1989-07-17'),
(3,11,'Animi labore in eveniet sunt doloremque autem inventore.','2002-05-09'),
(3,12,'Quos quia ipsam nobis similique dolorem praesentium incidunt et ut voluptates quaerat cumque libero.','2005-01-26'),
(3,14,'Accusantium et ea quis ipsa ut accusamus est et doloremque esse quis ut laboriosam.','1998-05-18'),
(3,15,'Cum quia id laborum debitis tempore vel nostrum sint laudantium.','2019-08-29'),
(3,17,'Autem quia et magni vel molestiae voluptatum quis voluptates accusamus doloribus quisquam est voluptas.','2020-10-11'),
(3,18,'Minima consequatur qui ipsa sed modi cumque voluptas ratione.','1976-07-28'),
(3,20,'Et alias quam dicta vel doloribus rem quaerat.','1982-06-11'),
(3,21,'Minus ut ut doloremque dolor accusantium labore tempore.','1995-01-26'),
(3,23,'Molestiae ipsa molestias sequi ab consequatur qui et tempore quod.','1975-03-25'),
(3,24,'Eius laborum beatae iste aut laboriosam et quia aut sunt odio dolor reiciendis dolorem.','1978-05-14'),
(3,26,'Et minima ea ut ab eos odit nesciunt.','2023-01-20'),
(3,27,'Quia omnis labore error aliquam quia dolorem.','2006-12-15'),
(3,29,'Labore et sapiente voluptate vel delectus tempora soluta maxime sed dolor.','1972-08-17'),
(3,30,'Enim deserunt et doloremque explicabo ut repudiandae.','1988-04-13'),
(3,32,'Repellendus ex expedita nesciunt aut eaque nam deserunt facere.','1984-03-29'),
(3,33,'Nam magni id alias eum nihil totam ad enim assumenda cupiditate quis consequatur est.','1976-05-20'),
(3,35,'Earum quasi distinctio voluptatem adipisci reprehenderit voluptatem veritatis ipsum et ab minima iste et.','1981-01-12'),
(3,36,'Et odit minus minima sunt error alias et similique veniam hic.','1977-04-15'),
(3,38,'Et ut odit fugit ut ut iure est.','1984-08-04'),
(3,39,'Quo aliquid et earum quia amet sit vel totam pariatur.','1984-03-11'),
(3,41,'Odio molestias rerum saepe quia odio tempore eos esse voluptate ad.','2023-02-25'),
(3,42,'Quis beatae occaecati dolor voluptate totam et est velit et at reiciendis.','1989-01-21'),
(3,44,'Doloremque atque facere porro at accusamus nihil ut omnis voluptatem numquam.','2009-01-13'),
(3,45,'Vitae adipisci nostrum vel est optio laboriosam accusantium quae aliquam voluptate necessitatibus itaque non.','2006-07-27'),
(3,47,'Tempora aperiam minima quidem a qui quisquam sit ratione velit amet.','1988-02-24'),
(3,48,'Quos similique consequatur soluta voluptatem aut aperiam doloribus.','2019-05-08'),
(3,50,'Atque veniam ut et facilis magni quia doloremque.','2003-01-22'),
(3,51,'Magni molestias aut ipsam laudantium vitae repellat sed quis reiciendis enim.','1990-03-06'),
(3,54,'Aut architecto rerum maxime a qui doloribus voluptatem eum temporibus neque.','2004-03-27'),
(3,57,'Illo dolorem omnis ducimus cumque eaque cupiditate laboriosam rerum.','2005-05-26'),
(3,60,'Unde voluptatum fuga eos corrupti molestias ipsam sit quia autem culpa perspiciatis odit vitae.','2008-05-19'),
(3,63,'Ducimus molestiae et rerum nulla qui tempore error nostrum est molestias facere dolores veniam.','2004-06-19'),
(3,66,'Nam quisquam odit tempore cum quisquam alias et quod commodi tenetur amet molestiae.','1992-08-13'),
(3,69,'Quae facere quis odio excepturi qui nulla iste ex ad delectus reprehenderit id.','1993-02-21'),
(3,72,'Asperiores voluptas doloremque magnam maiores iure corporis rem ex ex qui nemo.','1988-07-08'),
(3,75,'Accusamus cum modi odio voluptatem tempore similique quia sint quos libero nisi soluta.','1992-03-17'),
(3,78,'Ea neque sit repellat explicabo sint minus asperiores vel sit ea nihil magni dignissimos.','1980-05-08'),
(3,81,'Inventore sunt et commodi non ut sit illo minima.','1994-10-19'),
(3,84,'Sed consectetur eligendi ducimus id perspiciatis recusandae quo rerum rerum iure sed.','1978-05-20'),
(3,87,'Dolorem ipsum qui velit natus voluptatem expedita saepe rerum.','1976-07-07'),
(3,90,'Voluptas ut aut officia voluptatibus quia maiores consequatur sunt sint.','1975-06-22'),
(3,93,'Dolores voluptatem excepturi corrupti sit consequatur maiores.','1972-09-18'),
(3,96,'Tenetur labore in autem qui alias non voluptas magnam voluptate et nihil qui.','1997-08-31'),
(3,99,'Voluptas omnis voluptatem minus consequatur totam repellat.','1998-11-07');

INSERT INTO `photo_favorites` VALUES 
(1,1),
(1,4),
(1,7),
(1,10),
(1,13),
(1,16),
(1,19),
(1,22),
(1,25),
(1,28),
(1,31),
(1,34),
(1,37),
(1,40),
(1,43),
(1,46),
(1,49),
(1,52),
(1,55),
(1,58),
(2,2),
(2,5),
(2,8),
(2,11),
(2,14),
(2,17),
(2,20),
(2,23),
(2,26),
(2,29),
(2,32),
(2,35),
(2,38),
(2,41),
(2,44),
(2,47),
(2,50),
(2,53),
(2,56),
(2,59),
(3,3),
(3,6),
(3,9),
(3,12),
(3,15),
(3,18),
(3,21),
(3,24),
(3,27),
(3,30),
(3,33),
(3,36),
(3,39),
(3,42),
(3,45),
(3,48),
(3,51),
(3,54),
(3,57),
(3,60),
(4,101),
(4,102),
(4,103),
(4,104),
(4,105),
(4,106),
(4,107),
(4,108),
(4,109),
(4,110),
(4,111),
(4,112),
(4,113),
(4,114),
(4,115),
(4,116),
(4,117),
(4,118),
(4,119),
(4,120),
(4,121),
(4,122),
(4,123),
(4,124),
(4,125),
(4,126),
(4,127),
(4,128);